name,source_fid,height_m,height_source,register_id,ground_floors,base_m,roof_m,extrusion_m,terrain_min,terrain_max,note
공연실습소,0,16.77,REGISTER,53636,5,145.5,165.911,20.411,146.5,149.86,"지면 기준고는 DEM 중앙값 추정; 출입층 미검증; 두 대장 도형 중첩, 수직 관계 미확인"
유담관,1,48.27,REGISTER,42013,10,95.182,173.308,78.126,96.182,129.023,지면 기준고는 DEM 중앙값 추정; 출입층 미검증
은주관,2,25.5,REGISTER,42228,7,144.0,170.869,26.869,145.0,146.498,지면 기준고는 DEM 중앙값 추정; 출입층 미검증
본관,3,21.35,REGISTER,42230,9,134.0,156.35,22.35,135.0,139.853,지면 기준고는 DEM 중앙값 추정; 출입층 미검증; 본관/북악관 통합 대장 값
혜인관,4,29.1,REGISTER,42232,7,145.664,178.155,32.491,146.664,149.897,"지면 기준고는 DEM 중앙값 추정; 출입층 미검증; 두 대장 도형 중첩, 수직 관계 미확인"
한림관,5,55.05,REGISTER,42233,12,139.0,197.774,58.774,140.0,145.0,지면 기준고는 DEM 중앙값 추정; 출입층 미검증
청운관,6,21,ESTIMATE,,6,144.63,167.976,23.345,145.63,148.136,지면 기준고는 DEM 중앙값 추정; 출입층 미검증; 높이와 층수는 러프 추정
문예관,7,14,ESTIMATE,,4,134.422,151.881,17.458,135.422,140.0,지면 기준고는 DEM 중앙값 추정; 출입층 미검증; 높이와 층수는 러프 추정
북악관,8,30.51,ESTIMATE,,9,134.0,165.51,31.51,135.0,135.927,"지면 기준고는 DEM 중앙값 추정; 출입층 미검증; 높이와 층수는 러프 추정; DB 보정 층고 3.39m 참고, 9층 가정; 출입층 표고 135.65m는 지상층 번호 불명으로 지붕 기준에 미적용"
대일관,9,17.5,ESTIMATE,,5,144.0,162.5,18.5,145.0,146.427,지면 기준고는 DEM 중앙값 추정; 출입층 미검증; 높이와 층수는 러프 추정
수인관,10,14,ESTIMATE,,4,124.763,148.23,23.467,125.763,145.23,"지면 기준고는 DEM 중앙값 추정; 출입층 미검증; 높이와 층수는 러프 추정; 지형 최고점 위 3m 확보하도록 지붕 상향, 높이 검증 필요"
상승관,11,7,ESTIMATE,,2,144.0,152.249,8.249,145.0,145.579,지면 기준고는 DEM 중앙값 추정; 출입층 미검증; 높이와 층수는 러프 추정
